Ball ID,Over/Ball,Innings,Team,Batsman,Bowler,Commentary
1786271423463,$undefined,$undefined,,,,"<b>Afghanistan</b> Squad: Rahmanullah Gurbaz(w), Ibrahim Zadran, Sediqullah Atal, Hashmatullah Shahidi, Rahmat Shah(c), Darwish Rasooli, Azmatullah Omarzai, Rashid Khan, AM Ghazanfar, Mohammad Saleem Safi, Fazalhaq Farooqi, Yamin Ahmadzai, Ikram Alikhil, Zia Ur Rahman Sharifi, Nangeyalia Kharoti"
1786271487662,$undefined,$undefined,,,,"<b>Ireland</b> Squad: Paul Stirling(c), Andrew Balbirnie, Cade Carmichael, Harry Tector, Curtis Campher, Lorcan Tucker(w), Benjamin Calitz, Mark Adair, Gavin Hoey, Jai Moondra, Byron McDonough, Liam McCarthy, Andy McBrine, George Dockrell"
1786271489933,$undefined,$undefined,,,,<b>Squads:</b>
1786351786857,$undefined,$undefined,,,,"<b>09:49 Local Time, 08:49 GMT, 14:19 IST:</b> Hello and welcome to the 3rd ODI between Ireland and Afghanistan! The visitors lead the series 1-0 after the opening match was washed out. The hosts were bundled out in the second ODI while chasing 300, losing their final seven wickets for just 63 runs after a devastating six-wicket haul from Rashid Khan. Earlier, Ibrahim Zadran starred with the bat, scoring a gritty 84 to anchor Afghanistan's innings. Afghanistan are one win away from securing a spot in the ODI World Cup next year. The weather today is expected to be clear and sunny, promising a competitive encounter between these two sides. Stay tuned as we bring you the toss and team updates shortly..."
1786353861228,$undefined,$undefined,,,,<b>Afghanistan have won the toss and have opted to field</b>
1786354011724,$undefined,$undefined,,,,"<b>Ireland</b> (Playing XI): Paul Stirling(c), Andrew Balbirnie, Cade Carmichael, Harry Tector, Lorcan Tucker(w), Curtis Campher, Benjamin Calitz, Mark Adair, Gavin Hoey, Jai Moondra, Byron McDonough"
1786354053195,$undefined,$undefined,,,,"<b>Afghanistan</b> (Playing XI): Ibrahim Zadran, Rahmanullah Gurbaz(w), Sediqullah Atal, Hashmatullah Shahidi, Rahmat Shah(c), Darwish Rasooli, Azmatullah Omarzai, Rashid Khan, AM Ghazanfar, Yamin Ahmadzai, Fazalhaq Farooqi"
1786354054603,$undefined,$undefined,,,,<b>Teams:</b>
1786354392024,$undefined,$undefined,,,,"One Change for Afghanistan, Yamin Ahmedzai comes in place of Saleem. While Ireland are fielding the same eleven from the previous match."
1786355342287,$undefined,$undefined,,,,"There is some broadcast issues at the ground, so we are still not getting the live feed, hopefully it will be sorted soon."
1786355362008,$undefined,1,IRE,,,<b>Balbirnie and Paul Stirling are at the crease. Balbirnie is on strike. Fazalhaq Farooqi will open the attack</b>
1786355371646,0.1,1,IRE,Andrew Balbirnie,Fazalhaq Farooqi,"Fazalhaq Farooqi to Balbirnie, 1 run"
1786355386146,0.2,1,IRE,Paul Stirling,Fazalhaq Farooqi,"Fazalhaq Farooqi to Paul Stirling, 1 run"
1786355397820,0.3,1,IRE,Andrew Balbirnie,Fazalhaq Farooqi,"Fazalhaq Farooqi to Balbirnie, no run"
1786355399075,0.4,1,IRE,Andrew Balbirnie,Fazalhaq Farooqi,"Fazalhaq Farooqi to Balbirnie, no run"
1786355546563,0.5,1,IRE,Andrew Balbirnie,Fazalhaq Farooqi,"Fazalhaq Farooqi to Balbirnie, no run"
1786355548746,0.6,1,IRE,Andrew Balbirnie,Fazalhaq Farooqi,"Fazalhaq Farooqi to Balbirnie, 1 run"
1786355574354,$undefined,1,IRE,Balbirnie,Ahmadzai,"<b>Yamin Ahmadzai, right-arm fast medium, comes into the attack</b>"
1786355666216,1.1,1,IRE,Andrew Balbirnie,Yamin Ahmadzai,"Ahmadzai to Balbirnie, no run"
1786355666926,1.2,1,IRE,Andrew Balbirnie,Yamin Ahmadzai,"Ahmadzai to Balbirnie, no run"
1786355668502,1.3,1,IRE,Andrew Balbirnie,Yamin Ahmadzai,"Ahmadzai to Balbirnie, no run"
1786355681984,1.4,1,IRE,Andrew Balbirnie,Yamin Ahmadzai,"Ahmadzai to Balbirnie, <b>FOUR</b>, to backward square leg"
1786355705630,1.5,1,IRE,Andrew Balbirnie,Yamin Ahmadzai,"Ahmadzai to Balbirnie, no run"
1786355752875,1.6,1,IRE,Andrew Balbirnie,Yamin Ahmadzai,"Ahmadzai to Balbirnie, no run"
1786355846135,2.1,1,IRE,Paul Stirling,Fazalhaq Farooqi,"Fazalhaq Farooqi to Paul Stirling, no run"
1786355873533,2.2,1,IRE,Paul Stirling,Fazalhaq Farooqi,"Fazalhaq Farooqi to Paul Stirling, <b>5 wides</b>"
1786355924219,2.2,1,IRE,Paul Stirling,Fazalhaq Farooqi,"Fazalhaq Farooqi to Paul Stirling, no run, well bowled, back of a length and angling across, Stirling was hanging back, beaten all ends up"
1786355926246,2.3,1,IRE,Paul Stirling,Fazalhaq Farooqi,"Fazalhaq Farooqi to Paul Stirling, 1 run, to square leg"
1786355963373,2.4,1,IRE,Andrew Balbirnie,Fazalhaq Farooqi,"Fazalhaq Farooqi to Balbirnie, no run"
1786356002431,2.5,1,IRE,Andrew Balbirnie,Fazalhaq Farooqi,"Fazalhaq Farooqi to Balbirnie, no run"
1786356048357,2.6,1,IRE,Andrew Balbirnie,Fazalhaq Farooqi,"Fazalhaq Farooqi to Balbirnie, no run"
1786356086605,3.1,1,IRE,Paul Stirling,Yamin Ahmadzai,"Ahmadzai to Paul Stirling, no run"
1786356175096,3.2,1,IRE,Paul Stirling,Ahmadzai,"Ahmadzai to Paul Stirling, no run"
1786356224224,3.3,1,IRE,Paul Stirling,Yamin Ahmadzai,"Ahmadzai to Paul Stirling, <b>FOUR</b>, to deep backward point"
1786356265672,3.4,1,IRE,Paul Stirling,Yamin Ahmadzai,"Ahmadzai to Paul Stirling, 1 run, to square third man"
1786356305034,3.5,1,IRE,Andrew Balbirnie,Yamin Ahmadzai,"Ahmadzai to Balbirnie, no run"
1786356347821,3.6,1,IRE,Andrew Balbirnie,Yamin Ahmadzai,"Ahmadzai to Balbirnie, 1 run, to square third man"
1786356518215,$undefined,1,IRE,Balbirnie,Fazalhaq Farooqi,"Fazalhaq Farooqi to Balbirnie, <b>THATS OUT!!</b> Caught!!"
1786356518903,4.1,1,IRE,Andrew Balbirnie,Fazalhaq Farooqi,"Fazalhaq Farooqi to Balbirnie, <b>out</b> Caught by Sediqullah Atal!! <b>Balbirnie c Sediqullah Atal b Fazalhaq Farooqi 7(17) [4s-1]</b>"
1786356561302,$undefined,1,IRE,,,"Delay in the proceedings as the physio is out. Rahmanullah Gurbaz was having a niggle, we are all set to resume..."
1786356573053,$undefined,1,IRE,Cade Carmichael,Fazalhaq Farooqi,"<b>Cade Carmichael, right handed bat, comes to the crease</b>"
1786356645178,4.2,1,IRE,Cade Carmichael,Fazalhaq Farooqi,"Fazalhaq Farooqi to Cade Carmichael, <b>wide</b>"
1786356433018,$undefined,1,IRE,,,"Delay in the proceedings as the physio is out. Rahmanullah Gurbaz was having a niggle, we are all set to resume..."
1786356699426,4.2,1,IRE,Cade Carmichael,Fazalhaq Farooqi,"Fazalhaq Farooqi to Cade Carmichael, <b>FOUR</b>, straight down the ground"
1786356721329,4.3,1,IRE,Cade Carmichael,Fazalhaq Farooqi,"Fazalhaq Farooqi to Cade Carmichael, no run"
1786356782833,4.4,1,IRE,Cade Carmichael,Fazalhaq Farooqi,"Fazalhaq Farooqi to Cade Carmichael, 1 run"
1786356857419,4.5,1,IRE,Paul Stirling,Fazalhaq Farooqi,"Fazalhaq Farooqi to Paul Stirling, no run"
1786356883014,4.6,1,IRE,Paul Stirling,Fazalhaq Farooqi,"Fazalhaq Farooqi to Paul Stirling, no run"
1786356968390,$undefined,1,IRE,,,"Again there is some issue with the live streaming. Apologies, we will be back soon with the commentary as and when the feed it back."
1786357030415,5.1,1,IRE,Cade Carmichael,Yamin Ahmadzai,"Ahmadzai to Cade Carmichael, <b>FOUR</b>"
1786357132927,5.2,1,IRE,Cade Carmichael,Yamin Ahmadzai,"Ahmadzai to Cade Carmichael, no run"
1786357133537,5.3,1,IRE,Cade Carmichael,Yamin Ahmadzai,"Ahmadzai to Cade Carmichael, no run"
1786357134101,5.4,1,IRE,Cade Carmichael,Yamin Ahmadzai,"Ahmadzai to Cade Carmichael, no run"
1786357135063,5.5,1,IRE,Cade Carmichael,Yamin Ahmadzai,"Ahmadzai to Cade Carmichael, no run"
1786357175173,5.6,1,IRE,Cade Carmichael,Yamin Ahmadzai,"Ahmadzai to Cade Carmichael, 1 run"
1786357268014,6.1,1,IRE,Cade Carmichael,Fazalhaq Farooqi,"Fazalhaq Farooqi to Cade Carmichael, no run"
1786358314121,9.3,1,IRE,Paul Stirling,Azmatullah Omarzai,"Azmatullah Omarzai to Paul Stirling, no run"
1786358349250,9.4,1,IRE,Paul Stirling,Azmatullah Omarzai,"Azmatullah Omarzai to Paul Stirling, 1 run"
1786358350029,9.5,1,IRE,Cade Carmichael,Azmatullah Omarzai,"Azmatullah Omarzai to Cade Carmichael, no run"
1786358356623,$undefined,1,IRE,,,We are still facing the live streaming issues...
1786358436979,9.6,1,IRE,Cade Carmichael,Azmatullah Omarzai,"Azmatullah Omarzai to Cade Carmichael, <b>FOUR</b>"
1786358540215,10.1,1,IRE,Paul Stirling,Yamin Ahmadzai,"Ahmadzai to Paul Stirling, 1 run"
1786358559533,10.2,1,IRE,Cade Carmichael,Yamin Ahmadzai,"Ahmadzai to Cade Carmichael, no run"
1786358641729,10.3,1,IRE,Cade Carmichael,Yamin Ahmadzai,"Ahmadzai to Cade Carmichael, no run"
1786358674107,10.4,1,IRE,Cade Carmichael,Yamin Ahmadzai,"Ahmadzai to Cade Carmichael, no run"
1786358675161,10.5,1,IRE,Cade Carmichael,Yamin Ahmadzai,"Ahmadzai to Cade Carmichael, no run"
1786358772225,10.6,1,IRE,Cade Carmichael,Yamin Ahmadzai,"Ahmadzai to Cade Carmichael, 2 runs"
1786358889501,11.1,1,IRE,Paul Stirling,Azmatullah Omarzai,"Azmatullah Omarzai to Paul Stirling, 1 run"
1786358892549,11.2,1,IRE,Cade Carmichael,Azmatullah Omarzai,"Azmatullah Omarzai to Cade Carmichael, 1 run"
1786358942219,11.3,1,IRE,Paul Stirling,Azmatullah Omarzai,"Azmatullah Omarzai to Paul Stirling, no run"
1786358976934,11.4,1,IRE,Paul Stirling,Azmatullah Omarzai,"Azmatullah Omarzai to Paul Stirling, 1 run"
1786359092696,11.5,1,IRE,Cade Carmichael,Azmatullah Omarzai,"Azmatullah Omarzai to Cade Carmichael, <b>5 wides</b>"
1786359094279,11.5,1,IRE,Cade Carmichael,Azmatullah Omarzai,"Azmatullah Omarzai to Cade Carmichael, no run"
1786359127737,11.6,1,IRE,Cade Carmichael,Azmatullah Omarzai,"Azmatullah Omarzai to Cade Carmichael, 1 run"
1786359250743,12.1,1,IRE,Cade Carmichael,Yamin Ahmadzai,"Ahmadzai to Cade Carmichael, 1 run"
1786359255210,12.2,1,IRE,Paul Stirling,Yamin Ahmadzai,"Ahmadzai to Paul Stirling, <b>FOUR</b>"
1786359385461,$undefined,1,IRE,Paul Stirling,Ahmadzai,"Ahmadzai to Paul Stirling, <b>THATS OUT!!</b> Caught!!"
1786359386708,12.3,1,IRE,Paul Stirling,Yamin Ahmadzai,"Ahmadzai to Paul Stirling, <b>out</b> Caught by Darwish Rasooli!! <b>Paul Stirling c Darwish Rasooli b Ahmadzai 23(31) [4s-3]</b>"
1786359455674,$undefined,1,IRE,Harry Tector,Ahmadzai,"<b>Harry Tector, right handed bat, comes to the crease</b>"
1786359458588,12.4,1,IRE,Harry Tector,Yamin Ahmadzai,"Ahmadzai to Harry Tector, no run"
1786359516771,12.5,1,IRE,Harry Tector,Yamin Ahmadzai,"Ahmadzai to Harry Tector, no run"
1786359518484,12.6,1,IRE,Harry Tector,Yamin Ahmadzai,"Ahmadzai to Harry Tector, no run"
1786359627507,13.1,1,IRE,Cade Carmichael,Azmatullah Omarzai,"Azmatullah Omarzai to Cade Carmichael, no run"
1786359658659,13.2,1,IRE,Cade Carmichael,Azmatullah Omarzai,"Azmatullah Omarzai to Cade Carmichael, 1 run"
1786359678221,13.3,1,IRE,Harry Tector,Azmatullah Omarzai,"Azmatullah Omarzai to Harry Tector, <b>wide</b>, length delivery swinging down the leg side, very good take from well far forward diving to his left"
1786359760621,13.3,1,IRE,Harry Tector,Azmatullah Omarzai,"Azmatullah Omarzai to Harry Tector, no run"
1786359801933,13.3,1,IRE,Harry Tector,Azmatullah Omarzai,"Azmatullah Omarzai to Harry Tector, <b>wide</b>"
1786359802886,13.3,1,IRE,Harry Tector,Azmatullah Omarzai,"Azmatullah Omarzai to Harry Tector, no run"
1786359805167,13.4,1,IRE,Harry Tector,Azmatullah Omarzai,"Azmatullah Omarzai to Harry Tector, 1 run, to cover"
1786359808452,13.5,1,IRE,Cade Carmichael,Azmatullah Omarzai,"Azmatullah Omarzai to Cade Carmichael, no run"
1786359840676,13.6,1,IRE,Cade Carmichael,Azmatullah Omarzai,"Azmatullah Omarzai to Cade Carmichael, 1 run, to deep backward point"
1786359896314,14.1,1,IRE,Cade Carmichael,Yamin Ahmadzai,"Ahmadzai to Cade Carmichael, no run, back of a length and rising, Carmichael was hanging back, looks to dab it down to third man, beaten all ends up"
1786359934527,14.2,1,IRE,Cade Carmichael,Yamin Ahmadzai,"Ahmadzai to Cade Carmichael, no run"
1786359973788,14.3,1,IRE,Cade Carmichael,Yamin Ahmadzai,"Ahmadzai to Cade Carmichael, no run, good length and around the off stump, tighter line, Carmichael feels for and misses"
1786360014846,14.4,1,IRE,Cade Carmichael,Yamin Ahmadzai,"Ahmadzai to Cade Carmichael, 1 run, to sweeper cover"
1786360065993,14.5,1,IRE,Harry Tector,Yamin Ahmadzai,"Ahmadzai to Harry Tector, no run"
1786360101337,14.6,1,IRE,Harry Tector,Yamin Ahmadzai,"Ahmadzai to Harry Tector, no run, good length delivery outside off and straightening, Tector lifts his bat and lets it go"
1786360161285,15.1,1,IRE,Cade Carmichael,Azmatullah Omarzai,"Azmatullah Omarzai to Cade Carmichael, no run"
1786360229689,15.2,1,IRE,Cade Carmichael,Azmatullah Omarzai,"Azmatullah Omarzai to Cade Carmichael, leg byes, 1 run, to fine leg"
1786360265456,15.3,1,IRE,Harry Tector,Azmatullah Omarzai,"Azmatullah Omarzai to Harry Tector, 1 run, angling in from a length, Tector works it away to deep square leg"
1786360301020,15.4,1,IRE,Cade Carmichael,Azmatullah Omarzai,"Azmatullah Omarzai to Cade Carmichael, no run, banged in short, Carmichael mistimes a pull to midwicket"
1786360343855,15.5,1,IRE,Cade Carmichael,Azmatullah Omarzai,"Azmatullah Omarzai to Cade Carmichael, 1 run, short and wide outside off, Carmichael slaps it to sweeper cover"
1786360391341,15.6,1,IRE,Harry Tector,Azmatullah Omarzai,"Azmatullah Omarzai to Harry Tector, no run, length delivery closer to the off stump, it moves away late, Tector covers the line and defends it watchfully"
1786360484933,16.1,1,IRE,Cade Carmichael,Yamin Ahmadzai,"Ahmadzai to Cade Carmichael, no run, fuller length delivery on off, Carmichael pushes it towards the bowler"
1786360505819,16.2,1,IRE,Cade Carmichael,Yamin Ahmadzai,"Ahmadzai to Cade Carmichael, <b>FOUR</b>, to long-on"
1786360546272,16.3,1,IRE,Cade Carmichael,Yamin Ahmadzai,"Ahmadzai to Cade Carmichael, no run"
1786360602683,16.4,1,IRE,Cade Carmichael,Yamin Ahmadzai,"Ahmadzai to Cade Carmichael, no run, oh he is getting some good inward movement with an extra bounce, Carmichael looks to defend, it hit on the midriff"
1786360653355,16.5,1,IRE,Cade Carmichael,Yamin Ahmadzai,"Ahmadzai to Cade Carmichael, 1 run, full and tailing into the pads, Carmichael clips it off his pads to backward square leg"
1786360694493,16.6,1,IRE,Harry Tector,Yamin Ahmadzai,"Ahmadzai to Harry Tector, no run, good length delivery outside off and moving away, Tector lifts his bat and lets it go"
1786360761062,$undefined,1,IRE,Cade Carmichael,AM Ghazanfar,"<b>AM Ghazanfar, right-arm off break, comes into the attack</b>"
1786360785919,17.1,1,IRE,Cade Carmichael,AM Ghazanfar,"AM Ghazanfar to Cade Carmichael, <b>wide</b>, starts off with a quicker delivery down the leg side"
1786360812497,17.1,1,IRE,Cade Carmichael,AM Ghazanfar,"AM Ghazanfar to Cade Carmichael, no run, fired in full on middle, clipped away to midwicket"
1786360830150,17.2,1,IRE,Cade Carmichael,AM Ghazanfar,"AM Ghazanfar to Cade Carmichael, no run, tossed up and outside off, Carmichael pushes hard and edges it onto the boot, rolls away towards the bowler"
1786360853883,17.3,1,IRE,Cade Carmichael,AM Ghazanfar,"AM Ghazanfar to Cade Carmichael, no run"
1786360889735,17.4,1,IRE,Cade Carmichael,AM Ghazanfar,"AM Ghazanfar to Cade Carmichael, no run, the carrom ball slower through the air, Carmichael gets forward and defends it"
1786360919805,17.5,1,IRE,Cade Carmichael,AM Ghazanfar,"AM Ghazanfar to Cade Carmichael, 1 run, speared in full, Carmichael slices it away to deep backward point"
1786360970307,17.6,1,IRE,Harry Tector,AM Ghazanfar,"AM Ghazanfar to Harry Tector, 2 runs, low full-toss outside off, Tector reaches out and drives it in the gap to deep extra cover"
1786361028960,$undefined,1,IRE,Cade Carmichael,Rashid Khan,"<b>Rashid Khan, right-arm leg break, comes into the attack</b>"
1786361033336,$undefined,1,IRE,,,Spin from both the ends now..
1786361064407,18.1,1,IRE,Cade Carmichael,Rashid Khan,"Rashid Khan to Cade Carmichael, no run, quicker delivery drifting in, Carmichael works it towards midwicket"
1786361086984,18.2,1,IRE,Cade Carmichael,Rashid Khan,"Rashid Khan to Cade Carmichael, 1 run, flatter and quicker, punched down to long-on"
1786361231139,$undefined,1,IRE,Lorcan Tucker,Rashid Khan,"<b>Lorcan Tucker, right handed bat, comes to the crease</b>"
1786361269410,18.5,1,IRE,Lorcan Tucker,Rashid Khan,"Rashid Khan to Lorcan Tucker, 1 run, the tossed up googly, Tucker presses forward to defend and the ball goes off the inside edge to square leg"
1786361317326,18.6,1,IRE,Harry Tector,Rashid Khan,"Rashid Khan to Harry Tector, 2 runs, tossed up and turning in, Tector gets forward to defend, was beaten by the extra turn and gets an inside edge towards fine leg"
1786361369848,$undefined,1,IRE,Lorcan Tucker,AM Ghazanfar,"AM Ghazanfar to Lorcan Tucker, <b>THATS OUT!!</b> Lbw!!"
1786361371068,19.1,1,IRE,Lorcan Tucker,AM Ghazanfar,"AM Ghazanfar to Lorcan Tucker, <b>out</b> Lbw!! Now Ghazanfar has struck, Ireland are losing wickets in a heap, once again the quicker delivery, turns in sharply and hits him on the knee roll, huge appeal and the umpire took some time before raising his finger, it looked like it was missing the stumps. <b>Lorcan Tucker lbw b AM Ghazanfar 1(2)</b>"
1786361471657,$undefined,1,IRE,Curtis Campher,AM Ghazanfar,"<b>Curtis Campher, right handed bat, comes to the crease</b>"
1786361474313,19.2,1,IRE,Curtis Campher,AM Ghazanfar,"AM Ghazanfar to Curtis Campher, no run, tossed up delivery outside off, Campher pushes it back to the bowler"
1786361500426,19.3,1,IRE,Curtis Campher,AM Ghazanfar,"AM Ghazanfar to Curtis Campher, 1 run, turning into the pads, Campher works it in the air to backward square leg"
1786361528828,19.4,1,IRE,Harry Tector,AM Ghazanfar,"AM Ghazanfar to Harry Tector, no run, quicker delivery outside off, Tector pushes it towards short third"
1786361553947,19.5,1,IRE,Harry Tector,AM Ghazanfar,"AM Ghazanfar to Harry Tector, no run, quicker and shorter, Tector works it towards midwicket"
1786361575235,19.6,1,IRE,Harry Tector,AM Ghazanfar,"AM Ghazanfar to Harry Tector, no run, the off-cutter, drifting in sharply, Tector plays it back to the bowler"
1786361638367,20.1,1,IRE,Curtis Campher,Rashid Khan,"Rashid Khan to Curtis Campher, no run, quicker delivery outside off, Campher defends it towards point"
1786361661074,20.2,1,IRE,Curtis Campher,Rashid Khan,"Rashid Khan to Curtis Campher, no run, the slider, goes through with an extra bounce, Campher goes back to cut and misses, that was too close to his body"
1786361690240,20.3,1,IRE,Curtis Campher,Rashid Khan,"Rashid Khan to Curtis Campher, no run, straying on the pads, Campher works it towards short fine and looks for a single, sent back"
1786361723185,20.4,1,IRE,Curtis Campher,Rashid Khan,"Rashid Khan to Curtis Campher, no run, once again looks for a single working the ball towards square leg, Rahmanullah Gurbaz runs in quickly and cuts it off, Harry Tector was almost half way down the track and dived back to reach the crease"
1786361779203,20.5,1,IRE,Curtis Campher,Rashid Khan,"Rashid Khan to Curtis Campher, 2 runs, fantastic running, Khan is not happy with the deep fielder, tossed up delivery on off, Campher drives it to sweeper cover, the fielder was bit slow and they come back for the second"
1786361808178,20.6,1,IRE,Curtis Campher,Rashid Khan,"Rashid Khan to Curtis Campher, 1 run, once again Khan is livid with the fielder who was slow at mid-on, Campher pushes it and went through for the single"
1786361880876,21.1,1,IRE,Curtis Campher,AM Ghazanfar,"AM Ghazanfar to Curtis Campher, no run, speared in full on middle, Campher drives it to covers"
1786361908064,21.2,1,IRE,Curtis Campher,AM Ghazanfar,"AM Ghazanfar to Curtis Campher, no run, oh this one kept low after turning in, Campher presses forward and blocks it"
1786361969227,$undefined,1,IRE,,,"Looks like it's a bump ball which went straight back to the bowler, who is claiming the caught and bowled chance. Both umpires are in discussion, this looks close"
1786362132066,$undefined,1,IRE,Curtis Campher,AM Ghazanfar,"AM Ghazanfar to Curtis Campher, <b>THATS OUT!!</b> Caught&Bowled!!"
1786362133572,21.3,1,IRE,Curtis Campher,AM Ghazanfar,"AM Ghazanfar to Curtis Campher, <b>out</b> Caught&Bowled!! <b>Curtis Campher c and b AM Ghazanfar 4(11)</b>"
1786362187943,$undefined,1,IRE,Benjamin Calitz,AM Ghazanfar,"<b>Benjamin Calitz, left handed bat, comes to the crease</b>"
1786362225363,21.4,1,IRE,Benjamin Calitz,AM Ghazanfar,"AM Ghazanfar to Benjamin Calitz, no run"
1786362247574,21.5,1,IRE,Benjamin Calitz,AM Ghazanfar,"AM Ghazanfar to Benjamin Calitz, no run, oh this one spins back in sharply with an extra bounce, Calitz was hanging back and is hit high on the bat"
1786362270492,21.6,1,IRE,Benjamin Calitz,AM Ghazanfar,"AM Ghazanfar to Benjamin Calitz, <b>wide</b>"
1786362296245,21.6,1,IRE,Benjamin Calitz,AM Ghazanfar,"AM Ghazanfar to Benjamin Calitz, no run, tossed up and turning in, Calitz gets forward and defends it"
1786362342355,22.1,1,IRE,Harry Tector,Rashid Khan,"Rashid Khan to Harry Tector, no run"
1786362365349,22.2,1,IRE,Harry Tector,Rashid Khan,"Rashid Khan to Harry Tector, 2 runs, turning into the pads, Tector works it away in the gap to backward square leg"
1786362390747,22.3,1,IRE,Harry Tector,Rashid Khan,"Rashid Khan to Harry Tector, 1 run, flatter and quicker, Tector taps it to point for a quick single"
1786362426909,22.4,1,IRE,Benjamin Calitz,Rashid Khan,"Rashid Khan to Benjamin Calitz, no run, the googly which zips through, Calitz is beaten all ends up"
1786362507592,22.5,1,IRE,Benjamin Calitz,Rashid Khan,"Rashid Khan to Benjamin Calitz, 2 runs, to deep extra cover"
1786362518640,22.6,1,IRE,Benjamin Calitz,Rashid Khan,"Rashid Khan to Benjamin Calitz, no run"
1786362586304,23.1,1,IRE,Harry Tector,AM Ghazanfar,"AM Ghazanfar to Harry Tector, no run"
1786362618214,23.2,1,IRE,Harry Tector,AM Ghazanfar,"AM Ghazanfar to Harry Tector, 1 run, too full outside off, Tector slices it to deep backward point"
1786362650787,23.3,1,IRE,Benjamin Calitz,AM Ghazanfar,"AM Ghazanfar to Benjamin Calitz, no run, tossed up and slower through the air from round the wicket, Calitz presses forward, but edges it onto the pads"
1786362678168,23.4,1,IRE,Benjamin Calitz,AM Ghazanfar,"AM Ghazanfar to Benjamin Calitz, 2 runs, tossed up and turning in, Calitz pushesh ard and the ball goes off the outside edge to third man"
1786362705828,23.5,1,IRE,Benjamin Calitz,AM Ghazanfar,"AM Ghazanfar to Benjamin Calitz, 1 run, to cover point"
1786362747839,23.6,1,IRE,Harry Tector,AM Ghazanfar,"AM Ghazanfar to Harry Tector, 1 run, square of the wicket"
1786362804496,24.1,1,IRE,Harry Tector,Rashid Khan,"Rashid Khan to Harry Tector, no run, too full on middle, Tector presses forward and defends it towards covers"
1786362828130,24.2,1,IRE,Harry Tector,Rashid Khan,"Rashid Khan to Harry Tector, 1 run, to long-on"
1786362893534,24.3,1,IRE,Benjamin Calitz,Rashid Khan,"Rashid Khan to Benjamin Calitz, no run, quicker delivery turning into LHB, Calitz stays back and defends it"
1786362913976,24.4,1,IRE,Benjamin Calitz,Rashid Khan,"Rashid Khan to Benjamin Calitz, no run, the tossed up googly, Calitz gets forward and pushes it to covers"
1786362935288,24.5,1,IRE,Benjamin Calitz,Rashid Khan,"Rashid Khan to Benjamin Calitz, no run"
1786362955163,24.6,1,IRE,Benjamin Calitz,Rashid Khan,"Rashid Khan to Benjamin Calitz, 1 run, square of the wicket"
1786363037037,25.1,1,IRE,Benjamin Calitz,AM Ghazanfar,"AM Ghazanfar to Benjamin Calitz, no run, a big appeal for caught behind turned down! It's a carrom ball that comes in with the arm. Calitz tries to block but seems to have missed and it deflects off his pads"
1786363039735,25.2,1,IRE,Benjamin Calitz,AM Ghazanfar,"AM Ghazanfar to Benjamin Calitz, no run"
1786363065780,25.3,1,IRE,Benjamin Calitz,AM Ghazanfar,"AM Ghazanfar to Benjamin Calitz, 1 run, to short fine leg"
1786363096686,25.4,1,IRE,Harry Tector,AM Ghazanfar,"AM Ghazanfar to Harry Tector, no run"
1786363126256,25.5,1,IRE,Harry Tector,AM Ghazanfar,"AM Ghazanfar to Harry Tector, 1 run, to sweeper cover"
1786363151885,25.6,1,IRE,Benjamin Calitz,AM Ghazanfar,"AM Ghazanfar to Benjamin Calitz, 1 run, to deep backward point"
1786363205797,26.1,1,IRE,Benjamin Calitz,Rashid Khan,"Rashid Khan to Benjamin Calitz, 1 run, to long-on"
1786363269726,$undefined,1,IRE,Harry Tector,Rashid Khan,"Rashid Khan to Harry Tector, <b>THATS OUT!!</b> Bowled!!"
1786363271276,26.2,1,IRE,Harry Tector,Rashid Khan,"Rashid Khan to Harry Tector, <b>out</b> Bowled!! Knocked him over! Khan continues to weave his magic around the Irishmen in this series.<b>Harry Tector b Rashid Khan 14(27)</b>"
1786363311002,$undefined,1,IRE,Mark Adair,Rashid Khan,"<b>Mark Adair, right handed bat, comes to the crease</b>"
1786363439978,26.3,1,IRE,Mark Adair,Rashid Khan,"Rashid Khan to Mark Adair, 1 run, to backward square leg"
1786363463694,26.4,1,IRE,Benjamin Calitz,Rashid Khan,"Rashid Khan to Benjamin Calitz, no run"
1786363482984,26.5,1,IRE,Benjamin Calitz,Rashid Khan,"Rashid Khan to Benjamin Calitz, <b>SIX</b>, there's one way to deal with someone who has bossed around! A tossed up full delivery outside off. Calitz lines it up and smashes it over wide long-off for a flat maximum. That was struck with clear intent and the executiin"
1786363588971,26.6,1,IRE,Benjamin Calitz,Rashid Khan,"Rashid Khan to Benjamin Calitz, 1 run, full outside off, Calitz opens"
1786363642783,27.1,1,IRE,Benjamin Calitz,AM Ghazanfar,"AM Ghazanfar to Benjamin Calitz, 1 run, to deep mid-wicket"
1786363685953,27.2,1,IRE,Mark Adair,AM Ghazanfar,"AM Ghazanfar to Mark Adair, no run, full delivery drifting towards the pad, played with soft hands to short mid-wicket"
1786363704122,27.3,1,IRE,Mark Adair,AM Ghazanfar,"AM Ghazanfar to Mark Adair, no run"
1786363729016,27.4,1,IRE,Mark Adair,AM Ghazanfar,"AM Ghazanfar to Mark Adair, 1 run, in the air... but safe! Floaty full ball around off, Adair hits it off the bottom half of the bat. Long-off runs in but it lands short of him"
1786363776453,27.5,1,IRE,Benjamin Calitz,AM Ghazanfar,"AM Ghazanfar to Benjamin Calitz, byes, <b>FOUR</b>, that went through everyone! The carrom ball that turns in sharply from outside off. Calitz is cut into half"
1786363783158,27.6,1,IRE,Benjamin Calitz,AM Ghazanfar,"AM Ghazanfar to Benjamin Calitz, no run"
1786363822538,28.1,1,IRE,Mark Adair,Rashid Khan,"Rashid Khan to Mark Adair, no run"
1786363842573,28.2,1,IRE,Mark Adair,Rashid Khan,"Rashid Khan to Mark Adair, 1 run, to sweeper cover"
1786364532432,30.6,1,IRE,Gavin Hoey,Rashid Khan,"Rashid Khan to Gavin Hoey, 1 run, on a back of a length, punched down to wide long-off"
1786364578598,31.1,1,IRE,Gavin Hoey,AM Ghazanfar,"AM Ghazanfar to Gavin Hoey, no run, flighted delivery on off, Hoey lunges in defence"
1786364599682,31.2,1,IRE,Gavin Hoey,AM Ghazanfar,"AM Ghazanfar to Gavin Hoey, no run, on a length around off, played with soft hands towards point"
1786364629390,31.3,1,IRE,Gavin Hoey,AM Ghazanfar,"AM Ghazanfar to Gavin Hoey, 1 run, on a back of a length on off, tucked round the corner for a quick single"
1786364658238,31.4,1,IRE,Jai Moondra,AM Ghazanfar,"AM Ghazanfar to Jai Moondra, 1 run, Moondra drives this one past the right side of the dive of Rashid Khan at short mid-wicket"
1786364681153,31.5,1,IRE,Gavin Hoey,AM Ghazanfar,"AM Ghazanfar to Gavin Hoey, no run, Hoey hangs back to this length delivery and punches it back to the bowler"
1786364700869,31.6,1,IRE,Gavin Hoey,AM Ghazanfar,"AM Ghazanfar to Gavin Hoey, no run, full delivery on off, Hoey leans ahead and blocks it solidly"
1786364778433,32.1,1,IRE,Jai Moondra,Rashid Khan,"Rashid Khan to Jai Moondra, no run, the googly on a back of a length outside off, turning away, Jai Moondra makes a watchful leave"
1786364778889,32.2,1,IRE,Jai Moondra,Rashid Khan,"Rashid Khan to Jai Moondra, no run, almost a replica of the previous delivery, Moondra tries to punch it through the off-side this time but gets beaten"
1786364789433,32.3,1,IRE,Jai Moondra,Rashid Khan,"Rashid Khan to Jai Moondra, no run, another googly and it's in the tight off-stump channel, turns away. Moondra makes a late decision to safely leave it"
1786364815204,32.4,1,IRE,Jai Moondra,Rashid Khan,"Rashid Khan to Jai Moondra, 1 run, full delivery on off, driven through extra cover"
1786364841535,32.5,1,IRE,Gavin Hoey,Rashid Khan,"Rashid Khan to Gavin Hoey, 1 run, the googly on a back of a length around off, Hoey hangs back and punches it towards cover-point"
1786364880419,32.6,1,IRE,Jai Moondra,Rashid Khan,"Rashid Khan to Jai Moondra, no run, <b>close shave!</b> It's a sharp leg-spinner outside off, pitches and turns in sharply. Moondra has no clue about it. He tries to block but gets beaten on the inside edge. The ball almost hit the top of middle and off"
1786364928133,33.1,1,IRE,Gavin Hoey,AM Ghazanfar,"AM Ghazanfar to Gavin Hoey, no run, full around off, driven to mid-on"
1786364948390,33.2,1,IRE,Gavin Hoey,AM Ghazanfar,"AM Ghazanfar to Gavin Hoey, no run, tossed up on off, Hoey leans ahead and taps it towards cover-point"
1786364968984,33.3,1,IRE,Gavin Hoey,AM Ghazanfar,"AM Ghazanfar to Gavin Hoey, no run, the slider on a back of a length on off, pushed back from the crease to the bowler"
1786365005169,33.4,1,IRE,Gavin Hoey,AM Ghazanfar,"AM Ghazanfar to Gavin Hoey, 2 runs, full on off, Hoey drives it nicely past extra cover. Some good running between the wickets allows the batters to take a couple"
1786365035201,33.5,1,IRE,Gavin Hoey,AM Ghazanfar,"AM Ghazanfar to Gavin Hoey, 1 run, flighted delivery on off, Hoey clears his front leg and drives it to deep extra cover"
1786365061389,33.6,1,IRE,Jai Moondra,AM Ghazanfar,"AM Ghazanfar to Jai Moondra, <b>wide</b>, quicker and flatter down leg, wided"
1786365079440,33.6,1,IRE,Jai Moondra,AM Ghazanfar,"AM Ghazanfar to Jai Moondra, no run, on a back of a length well outside off, turning in, Moondra makes"
1786365136150,34.1,1,IRE,Gavin Hoey,Rashid Khan,"Rashid Khan to Gavin Hoey, no run, a chirpy appeal for lbw turned down!"
1786365153939,34.2,1,IRE,Gavin Hoey,Rashid Khan,"Rashid Khan to Gavin Hoey, no run, tossed up full delivery on off, Hoey lunges in defence"
1786365170145,34.3,1,IRE,Gavin Hoey,Rashid Khan,"Rashid Khan to Gavin Hoey, no run, another googly on a back of a length, Hoey hangs back in defence"
1786365190375,34.4,1,IRE,Gavin Hoey,Rashid Khan,"Rashid Khan to Gavin Hoey, 1 run, to deep square leg"
1786365212983,34.5,1,IRE,Jai Moondra,Rashid Khan,"Rashid Khan to Jai Moondra, 1 run, on the shorter side outside off, turning in, punched down to long-on"
1786365235274,34.6,1,IRE,Gavin Hoey,Rashid Khan,"Rashid Khan to Gavin Hoey, 1 run, to long-on"
1786365278054,$undefined,1,IRE,Gavin Hoey,Fazalhaq Farooqi,<b>Fazalhaq Farooqi [4.0-0-21-1] is back into the attack</b>
1786365324011,35.1,1,IRE,Gavin Hoey,Fazalhaq Farooqi,"Fazalhaq Farooqi to Gavin Hoey, no run"
1786365355152,35.2,1,IRE,Gavin Hoey,Fazalhaq Farooqi,"Fazalhaq Farooqi to Gavin Hoey, no run"
1786365395628,35.3,1,IRE,Gavin Hoey,Fazalhaq Farooqi,"Fazalhaq Farooqi to Gavin Hoey, no run, a bouncer outside off, Hoey is late on the pull and gets beaten on the top-edge"
1786365432516,35.4,1,IRE,Gavin Hoey,Fazalhaq Farooqi,"Fazalhaq Farooqi to Gavin Hoey, no run, a sharp bouncer on middle and leg, Hoey ducks under it"
1786365471038,35.5,1,IRE,Gavin Hoey,Fazalhaq Farooqi,"Fazalhaq Farooqi to Gavin Hoey, no run"
1786365509041,35.6,1,IRE,Gavin Hoey,Fazalhaq Farooqi,"Fazalhaq Farooqi to Gavin Hoey, 1 run, another shortish delivery angling in on middle. Hoey rises on his toes and guides it to third man"
1786365584244,36.1,1,IRE,Gavin Hoey,Rashid Khan,"Rashid Khan to Gavin Hoey, no run"
1786365585449,36.2,1,IRE,Gavin Hoey,Rashid Khan,"Rashid Khan to Gavin Hoey, no run"
1786365616776,36.3,1,IRE,Gavin Hoey,Rashid Khan,"Rashid Khan to Gavin Hoey, no run"
1786365634907,36.3,1,IRE,Gavin Hoey,Rashid Khan,"Rashid Khan to Gavin Hoey, <b>wide</b>, the googly on a length but it's down leg, wided"
1786365635519,36.3,1,IRE,Gavin Hoey,Rashid Khan,"Rashid Khan to Gavin Hoey, no run, on a length, Hoey blocks"
1786365640348,36.4,1,IRE,Gavin Hoey,Rashid Khan,"Rashid Khan to Gavin Hoey, no run"
1786365653357,36.5,1,IRE,Gavin Hoey,Rashid Khan,"Rashid Khan to Gavin Hoey, 1 run, to backward square leg"
1786365680754,36.6,1,IRE,Jai Moondra,Rashid Khan,"Rashid Khan to Jai Moondra, no run"
1786365765844,37.1,1,IRE,Gavin Hoey,Fazalhaq Farooqi,"Fazalhaq Farooqi to Gavin Hoey, no run"
1786365797505,37.2,1,IRE,Gavin Hoey,Fazalhaq Farooqi,"Fazalhaq Farooqi to Gavin Hoey, <b>FOUR</b>, to backward square leg"
1786365839990,37.3,1,IRE,Gavin Hoey,Fazalhaq Farooqi,"Fazalhaq Farooqi to Gavin Hoey, no run, back of a length around off, Hoey taps it"
1786365876284,37.4,1,IRE,Gavin Hoey,Fazalhaq Farooqi,"Fazalhaq Farooqi to Gavin Hoey, no run, hard length delivery around off, Hoey makes a bit of room but can only chop it to point"
1786365918407,37.5,1,IRE,Gavin Hoey,Fazalhaq Farooqi,"Fazalhaq Farooqi to Gavin Hoey, no run"
1786366003117,$undefined,1,IRE,,,Apologies guys! There's a technical issue once again at the broadcaster's end.
1786366018492,37.6,1,IRE,Gavin Hoey,Fazalhaq Farooqi,"Fazalhaq Farooqi to Gavin Hoey, <b>wide</b>"
1786366021198,37.6,1,IRE,Gavin Hoey,Fazalhaq Farooqi,"Fazalhaq Farooqi to Gavin Hoey, no run"
1786366079471,$undefined,1,IRE,Jai Moondra,Azmatullah Omarzai,<b>Azmatullah Omarzai [5.0-0-24-0] is back into the attack</b>
1786366080020,$undefined,1,IRE,,,We are back...
1786366086653,38.1,1,IRE,Jai Moondra,Azmatullah Omarzai,"Azmatullah Omarzai to Jai Moondra, 1 run, to deep backward point"
1786366130832,38.2,1,IRE,Gavin Hoey,Azmatullah Omarzai,"Azmatullah Omarzai to Gavin Hoey, no run"
1786366165080,38.3,1,IRE,Gavin Hoey,Azmatullah Omarzai,"Azmatullah Omarzai to Gavin Hoey, 1 run"
1786366166520,$undefined,1,IRE,,,And once again there's an issue with the live feed
1786366187833,38.4,1,IRE,Jai Moondra,Azmatullah Omarzai,"Azmatullah Omarzai to Jai Moondra, no run"
1786366214312,38.5,1,IRE,Jai Moondra,Azmatullah Omarzai,"Azmatullah Omarzai to Jai Moondra, no run"
1786366254734,38.6,1,IRE,Jai Moondra,Azmatullah Omarzai,"Azmatullah Omarzai to Jai Moondra, <b>FOUR</b>, shot! Shortish and some room on offer, Moondra cashes in as he"
1786366302690,$undefined,1,IRE,,,Afghanistan are resorting to the part-time
1786366320732,$undefined,1,IRE,Gavin Hoey,Hashmatullah Shahidi,"<b>Hashmatullah Shahidi, right-arm off break, comes into the attack</b>"
1786366327048,39.1,1,IRE,Gavin Hoey,Hashmatullah Shahidi,"Hashmatullah Shahidi to Gavin Hoey, 1 run, turning in from a back of a length on middle and leg, punched down to long-on"
1786366370235,39.2,1,IRE,Jai Moondra,Hashmatullah Shahidi,"Hashmatullah Shahidi to Jai Moondra, 1 run, on the shorter side outside off"
1786366389884,39.3,1,IRE,Gavin Hoey,Hashmatullah Shahidi,"Hashmatullah Shahidi to Gavin Hoey, no run, flighted delivery just outside off, driven back to the bowler"
1786366409406,39.4,1,IRE,Gavin Hoey,Hashmatullah Shahidi,"Hashmatullah Shahidi to Gavin Hoey, 1 run, full delivery on off, Hoey strokes it down to long-on"
1786366428508,39.5,1,IRE,Jai Moondra,Hashmatullah Shahidi,"Hashmatullah Shahidi to Jai Moondra, no run, loopy full delivery on off, nudged towards mid-wicket"
1786366447363,39.6,1,IRE,Jai Moondra,Hashmatullah Shahidi,"Hashmatullah Shahidi to Jai Moondra, no run, a slight appeal for caught behind!"
1786366510262,$undefined,1,IRE,Gavin Hoey,Fazalhaq Farooqi,<b>Fazalhaq Farooqi [6.0-0-27-1] is back into the attack</b>
1786366520927,40.1,1,IRE,Gavin Hoey,Fazalhaq Farooqi,"Fazalhaq Farooqi to Gavin Hoey, 1 run, short of length on off, slower one, Gavin Hoey taps it towards point. Jai Moondra sets off immediately and makes it home in time"
1786366565523,40.2,1,IRE,Jai Moondra,Fazalhaq Farooqi,"Fazalhaq Farooqi to Jai Moondra, 1 run, back of a length angling in on off, Jai Moondra cuts it to squarish third man"
1786366598354,40.3,1,IRE,Gavin Hoey,Fazalhaq Farooqi,"Fazalhaq Farooqi to Gavin Hoey, no run, back of a length delivery angling in, Hoey backs away and pushes at it but gets an inside-edge onto the pads"
1786366644061,40.4,1,IRE,Gavin Hoey,Fazalhaq Farooqi,"Fazalhaq Farooqi to Gavin Hoey, no run"
1786366687932,40.5,1,IRE,Gavin Hoey,Fazalhaq Farooqi,"Fazalhaq Farooqi to Gavin Hoey, no run"
1786366733811,40.6,1,IRE,Gavin Hoey,Fazalhaq Farooqi,"Fazalhaq Farooqi to Gavin Hoey, 1 run, length delivery in the channel, Hoey pushes at it and gets an inside-edge onto the pads. The ball rolls towards mid-wicket and the batters sneak in a run"
1786366814042,41.1,1,IRE,Gavin Hoey,Hashmatullah Shahidi,"Hashmatullah Shahidi to Gavin Hoey, 1 run, full delivery drifting in on middle, Hoey drives it down to long-on"
1786366847357,41.2,1,IRE,Jai Moondra,Hashmatullah Shahidi,"Hashmatullah Shahidi to Jai Moondra, <b>FOUR</b>, to long-off"
1786366872271,41.3,1,IRE,Jai Moondra,Hashmatullah Shahidi,"Hashmatullah Shahidi to Jai Moondra, no run"
1786368357800,46.2,1,IRE,Byron McDonough,Azmatullah Omarzai,"Azmatullah Omarzai to Byron McDonough, leg byes, 1 run, an appeal for lbw! A length delivery angling in from outside off, McDonough has a swing at it but the ball deflects off his pads towards fine leg. That might have gone down leg"
1786368394151,$undefined,1,IRE,Gavin Hoey,Azmatullah Omarzai,"Azmatullah Omarzai to Gavin Hoey, <b>THATS OUT!!</b> Bowled!!"
1786368395677,46.3,1,IRE,Gavin Hoey,Azmatullah Omarzai,"Azmatullah Omarzai to Gavin Hoey, <b>out</b> Bowled!! <b>Ireland have been bowled out for 206!</b> You miss I hit stuff! Full and fast on middle, Hoey backs away to hit it downtown but misses. The ball crashes into middle and leg. <b>Gavin Hoey b Azmatullah Omarzai 36(67) [4s-2]</b>"
1786368487921,$undefined,1,IRE,,,$28
1786370170682,$undefined,1,IRE,,,Welcome back for the run-chase! Mark Adair to start off with the new ball. Two slips in place. Here we go...
1786370222066,$undefined,2,AFG,,,<b>Rahmanullah Gurbaz and Ibrahim Zadran are at the crease. Rahmanullah Gurbaz is on strike. Mark Adair will open the attack</b>
1786370224594,0.1,2,AFG,Rahmanullah Gurbaz,Mark Adair,"Mark Adair to Rahmanullah Gurbaz, no run, back of a length outside off, shaping away, Gurbaz lets it go"
1786370250893,0.2,2,AFG,Rahmanullah Gurbaz,Mark Adair,"Mark Adair to Rahmanullah Gurbaz, no run, short of length outside off, seaming away, Gurbaz makes a watchful leave"
1786370298167,0.3,2,AFG,Rahmanullah Gurbaz,Mark Adair,"Mark Adair to Rahmanullah Gurbaz, no run, beaten! A length delivery on off, swinging away, Gurbaz backs away and throws his bat at it but only meets thin air"
1786370333313,0.4,2,AFG,Rahmanullah Gurbaz,Mark Adair,"Mark Adair to Rahmanullah Gurbaz, <b>FOUR</b>, streaky but counts! A fuller length delivery on off, shaping away, Gurbaz pushes at it but gets a thick outside edge past second slip. Third man can't prevent the boundary"
1786370373370,0.5,2,AFG,Rahmanullah Gurbaz,Mark Adair,"Mark Adair to Rahmanullah Gurbaz, no run, <b>peach!</b> In the corridor of uncertainty, pitches and seams away to open Gurbaz up in his stance. He has no option but to play at it and almost nicks it behind"
1786370411727,0.6,2,AFG,Rahmanullah Gurbaz,Mark Adair,"Mark Adair to Rahmanullah Gurbaz, 1 run, Gurbaz rises with the bounce to the short of length delivery and taps it towards cover-point for a quick single"
1786370526965,$undefined,2,AFG,,,"<b>Jai Moondra, left-arm fast medium, comes into the attack</b>"
1786370545714,1.1,2,AFG,Rahmanullah Gurbaz,Jai Moondra,"Jai Moondra to Rahmanullah Gurbaz, <b>SIX</b>, <b>what a strike!</b> That came right off the screws! A length delivery on off, Gurbaz lines it up. He clears his front leg and swipes it powerfully over deep square leg"
1786370564325,1.2,2,AFG,Rahmanullah Gurbaz,Jai Moondra,"Jai Moondra to Rahmanullah Gurbaz, no run, <b>oh, almost chopped on!</b> A back of a length delivery that swings in sharply. Gurbaz is cramped for space as he tries to keep it deflects off his pads behind and misses the leg-stump by a whisker"
1786370579986,1.3,2,AFG,Rahmanullah Gurbaz,Jai Moondra,"Jai Moondra to Rahmanullah Gurbaz, 1 run, shortish delivery in the channel, Gurbaz hops and taps it towards point and the batters scamper across"
1786370635862,1.4,2,AFG,Ibrahim Zadran,Jai Moondra,"Jai Moondra to Ibrahim Zadran, <b>FOUR</b>, lovely shot! A pitched up delivery outside off, Zadran leans into it and creams the drive through extra cover. The chase is on but the ball wins the race"
1786370656472,1.5,2,AFG,Ibrahim Zadran,Jai Moondra,"Jai Moondra to Ibrahim Zadran, no run, length delivery shaping in on off, pushed back to the bowler"
1786370692136,1.6,2,AFG,Ibrahim Zadran,Jai Moondra,"Jai Moondra to Ibrahim Zadran, 1 run, Zadran pushes this one from the crease to mid-off and the batters set off. The fielder has a shy but misses the target"
1786370761659,2.1,2,AFG,Ibrahim Zadran,Mark Adair,"Mark Adair to Ibrahim Zadran, no run"
1786370795143,2.2,2,AFG,Ibrahim Zadran,Mark Adair,"Mark Adair to Ibrahim Zadran, no run"
1786370830900,2.3,2,AFG,Ibrahim Zadran,Mark Adair,"Mark Adair to Ibrahim Zadran, no run, good length delivery in the channel closer to the off stump and gets it to swing away, Zadran lifts his bat and lets it go"
1786370867408,2.4,2,AFG,Ibrahim Zadran,Mark Adair,"Mark Adair to Ibrahim Zadran, no run, again on a length just outside off and moving away, Zadran watches it go through"
1786370909253,2.5,2,AFG,Ibrahim Zadran,Mark Adair,"Mark Adair to Ibrahim Zadran, no run"
1786370955373,2.6,2,AFG,Ibrahim Zadran,Mark Adair,"Mark Adair to Ibrahim Zadran, no run"
1786371013389,3.1,2,AFG,Rahmanullah Gurbaz,Jai Moondra,"Jai Moondra to Rahmanullah Gurbaz, 1 run, to mid-off"
1786371046053,3.2,2,AFG,Ibrahim Zadran,Jai Moondra,"Jai Moondra to Ibrahim Zadran, 1 run, short and hint of some width, Zadran flays it on the up past the diving fielder to deep backward point"
1786371079762,3.3,2,AFG,Rahmanullah Gurbaz,Jai Moondra,"Jai Moondra to Rahmanullah Gurbaz, <b>SIX</b>, straight down the ground"
1786371109420,3.4,2,AFG,Rahmanullah Gurbaz,Jai Moondra,"Jai Moondra to Rahmanullah Gurbaz, no run"
1786371151803,3.5,2,AFG,Rahmanullah Gurbaz,Jai Moondra,"Jai Moondra to Rahmanullah Gurbaz, 1 run, back of a length and angling across, Gurbaz slashes hard and the ball goes off the outside edge to third man"
1786371177119,3.6,2,AFG,Ibrahim Zadran,Jai Moondra,"Jai Moondra to Ibrahim Zadran, no run"
1786371249507,4.1,2,AFG,Rahmanullah Gurbaz,Mark Adair,"Mark Adair to Rahmanullah Gurbaz, no run, back of a length and angling in, worked away to square leg, he wanted the single, but sent back"
1786371274416,4.2,2,AFG,Rahmanullah Gurbaz,Mark Adair,"Mark Adair to Rahmanullah Gurbaz, no run"
1786371378617,4.3,2,AFG,Rahmanullah Gurbaz,Mark Adair,"Mark Adair to Rahmanullah Gurbaz, 1 run, good length outside off and this one moved away, Gurbaz was looking to leave it, but pokes his bat around and the ball takes the edge to third man"
1786371412633,4.4,2,AFG,Ibrahim Zadran,Mark Adair,"Mark Adair to Ibrahim Zadran, no run"
1786371460674,4.5,2,AFG,Ibrahim Zadran,Mark Adair,"Mark Adair to Ibrahim Zadran, 2 runs, banged in short, not much pace on that, Zadran was hanging back, gets into a good position and pulls it away to backward square leg, excellent sliding stop in the deep"
1786371492145,4.6,2,AFG,Ibrahim Zadran,Mark Adair,"Mark Adair to Ibrahim Zadran, no run"
1786371588905,5.1,2,AFG,Rahmanullah Gurbaz,Jai Moondra,"Jai Moondra to Rahmanullah Gurbaz, no run, back of a length and on middle, Rahmanullah Gurbaz goes for a wild swing across the line and misses it, it sailed over the stumps"
1786371591708,5.2,2,AFG,Rahmanullah Gurbaz,Jai Moondra,"Jai Moondra to Rahmanullah Gurbaz, 1 run"
1786371608097,5.3,2,AFG,Ibrahim Zadran,Jai Moondra,"Jai Moondra to Ibrahim Zadran, no run"
1786371638949,5.4,2,AFG,Ibrahim Zadran,Jai Moondra,"Jai Moondra to Ibrahim Zadran, no run, pitched up and in the slot, Zadran drives it straight to the fielder at mid off"
1786371674963,5.5,2,AFG,Ibrahim Zadran,Jai Moondra,"Jai Moondra to Ibrahim Zadran, 2 runs, to long-off"
1786371705151,5.6,2,AFG,Ibrahim Zadran,Jai Moondra,"Jai Moondra to Ibrahim Zadran, no run, full and swinging in, Zadran defends it towards the off side"
1786371768027,6.1,2,AFG,Rahmanullah Gurbaz,Mark Adair,"Mark Adair to Rahmanullah Gurbaz, <b>wide</b>"
1786371803052,6.1,2,AFG,Rahmanullah Gurbaz,Mark Adair,"Mark Adair to Rahmanullah Gurbaz, 1 run, back of a length and angling in, Gurbaz taps it to point for a quick single"
1786371841043,6.2,2,AFG,Ibrahim Zadran,Mark Adair,"Mark Adair to Ibrahim Zadran, no run, full and tailing in, Zadran drives it straight to the fielder at covers, not much timing on that"
1786371880499,$undefined,2,AFG,,,Change of bat for Zadran
1786371893229,6.3,2,AFG,Ibrahim Zadran,Mark Adair,"Mark Adair to Ibrahim Zadran, 1 run, full and in the slot, Zadran gets forward and drives it to wide mid off"
1786371954046,6.4,2,AFG,Rahmanullah Gurbaz,Mark Adair,"Mark Adair to Rahmanullah Gurbaz, no run, short and outside off, Gurbaz mistimes a cut towards point, distraught with himself for missing it out"
1786372002201,6.5,2,AFG,Rahmanullah Gurbaz,Mark Adair,"Mark Adair to Rahmanullah Gurbaz, 1 run, to mid-wicket"
1786372032669,6.6,2,AFG,Ibrahim Zadran,Mark Adair,"Mark Adair to Ibrahim Zadran, no run, short and outside off, punched off the back foot to point"
1786372105856,$undefined,2,AFG,Rahmanullah Gurbaz,Byron McDonough,"<b>Byron McDonough, right-arm medium, comes into the attack</b>"
1786372109176,7.1,2,AFG,Rahmanullah Gurbaz,Byron McDonough,"Byron McDonough to Rahmanullah Gurbaz, no run"
1786372141318,7.2,2,AFG,Rahmanullah Gurbaz,Byron McDonough,"Byron McDonough to Rahmanullah Gurbaz, no run"
1786372179338,7.3,2,AFG,Rahmanullah Gurbaz,Byron McDonough,"Byron McDonough to Rahmanullah Gurbaz, no run, back of a length outside off, width on offer, Gurbaz leaves it alone"
1786372214513,7.4,2,AFG,Rahmanullah Gurbaz,Byron McDonough,"Byron McDonough to Rahmanullah Gurbaz, <b>FOUR</b>, to third man"
1786372258794,7.5,2,AFG,Rahmanullah Gurbaz,Byron McDonough,"Byron McDonough to Rahmanullah Gurbaz, <b>SIX</b>, straight down the ground"
1786372333460,7.6,2,AFG,Rahmanullah Gurbaz,Byron McDonough,"Byron McDonough to Rahmanullah Gurbaz, no run"
1786372403456,8.1,2,AFG,Ibrahim Zadran,Mark Adair,"Mark Adair to Ibrahim Zadran, 1 run, full and angling in, Zadran tucks it to backward square leg"
1786374869791,16.3,2,AFG,Rahmanullah Gurbaz,Gavin Hoey,"Gavin Hoey to Rahmanullah Gurbaz, no run, tossed up generously outside off, Gurbaz reaches out and hits it to covers"
1786374891997,16.4,2,AFG,Rahmanullah Gurbaz,Gavin Hoey,"Gavin Hoey to Rahmanullah Gurbaz, no run, flighted delivery turning away, Gurbaz covers the line and defends it watchfully"
1786374931354,16.5,2,AFG,Rahmanullah Gurbaz,Gavin Hoey,"Gavin Hoey to Rahmanullah Gurbaz, no run"
1786374932755,16.6,2,AFG,Rahmanullah Gurbaz,Gavin Hoey,"Gavin Hoey to Rahmanullah Gurbaz, no run"
1786374980606,$undefined,2,AFG,,,The technical issue has struck again with the live feed going off. It's back as we type...
1786375028920,$undefined,2,AFG,Rahmat Shah,Mark Adair,<b>Mark Adair [5.0-1-18-0] is back into the attack</b>
1786375030658,17.1,2,AFG,Rahmat Shah,Mark Adair,"Mark Adair to Rahmat Shah, no run, full and angling in, Shah defends it watchfully off the back foot"
1786375063822,17.2,2,AFG,Rahmat Shah,Mark Adair,"Mark Adair to Rahmat Shah, 1 run, back of a length and angling in, Shah tucks it away to square leg, the extra bounce hits him high on the bat"
1786375106329,17.3,2,AFG,Rahmanullah Gurbaz,Mark Adair,"Mark Adair to Rahmanullah Gurbaz, 2 runs, angling into the pads, Gurbaz tucks it in the gap to backward square leg, the fielder was bit slow and the throw at the striker's end was wayward as they complete the second"
1786375142575,17.4,2,AFG,Rahmanullah Gurbaz,Mark Adair,"Mark Adair to Rahmanullah Gurbaz, 1 run, back of a length and outside off, Gurbaz punches it to sweeper cover"
1786375231338,$undefined,2,AFG,Rahmat Shah,Mark Adair,"Mark Adair to Rahmat Shah, <b>THATS OUT!!</b> Bowled!!"
1786375232928,17.5,2,AFG,Rahmat Shah,Mark Adair,"Mark Adair to Rahmat Shah, <b>out</b> Bowled!! Adair has the last laugh against Shah again after troubling him in the Tests, this one nipped back in sharply from back of a length, Shah was hanging back, feels for it with much foot work, he missed it completely and the ball hits the top of the off stump, Shah can't believe it, but has to go. <b>Rahmat Shah b Mark Adair 4(8)</b>"
1786375239238,$undefined,2,AFG,Hashmatullah Shahidi,Mark Adair,"<b>Hashmatullah Shahidi, left handed bat, comes to the crease</b>"
1786375301589,17.6,2,AFG,Hashmatullah Shahidi,Mark Adair,"Mark Adair to Hashmatullah Shahidi, 1 run, fuller length delivery on off, Shahidi gets forward and drives it to sweeper cover"
1786375376813,18.1,2,AFG,Hashmatullah Shahidi,Gavin Hoey,"Gavin Hoey to Hashmatullah Shahidi, no run, the googly, which skids through with an extra bounce, Shahidi pokes at it and misses"
1786375402038,18.2,2,AFG,Hashmatullah Shahidi,Gavin Hoey,"Gavin Hoey to Hashmatullah Shahidi, no run, tossed up outside off, Shahidi gets forward and pushes it to covers"
1786375428384,18.3,2,AFG,Hashmatullah Shahidi,Gavin Hoey,"Gavin Hoey to Hashmatullah Shahidi, 1 run, well tossed up, Shahidi drives it to mid-off for a quick single"
1786375471740,18.4,2,AFG,Rahmanullah Gurbaz,Gavin Hoey,"Gavin Hoey to Rahmanullah Gurbaz, 2 runs, excellent running, flatter delivery on the pads, Gurbaz tucks it in the gap at deep square leg and hares back for the second, 100 up for Afghanistan"
1786375504623,18.5,2,AFG,Rahmanullah Gurbaz,Gavin Hoey,"Gavin Hoey to Rahmanullah Gurbaz, no run, this one drifts in sharply, Gurbaz gets forward to defend, but gets an inside edge"
1786375528152,18.6,2,AFG,Rahmanullah Gurbaz,Gavin Hoey,"Gavin Hoey to Rahmanullah Gurbaz, no run, short and outside off, Gurbaz goes back and mistimes it to covers"
1786375585869,19.1,2,AFG,Hashmatullah Shahidi,Mark Adair,"Mark Adair to Hashmatullah Shahidi, no run"
1786375626763,19.2,2,AFG,Hashmatullah Shahidi,Mark Adair,"Mark Adair to Hashmatullah Shahidi, no run"
1786375666305,19.3,2,AFG,Hashmatullah Shahidi,Mark Adair,"Mark Adair to Hashmatullah Shahidi, no run, back of a length and in the channel around the off stump, Shahidi stays back and defends it towards point"
1786375706505,19.4,2,AFG,Hashmatullah Shahidi,Mark Adair,"Mark Adair to Hashmatullah Shahidi, 1 run, to backward square leg"
1786375739133,19.5,2,AFG,Rahmanullah Gurbaz,Mark Adair,"Mark Adair to Rahmanullah Gurbaz, no run"
1786375771632,19.6,2,AFG,Rahmanullah Gurbaz,Mark Adair,"Mark Adair to Rahmanullah Gurbaz, no run"
1786375811435,$undefined,2,AFG,Hashmatullah Shahidi,Harry Tector,"<b>Harry Tector, right-arm off break, comes into the attack</b>"
1786375826460,$undefined,2,AFG,,,"Round the wicket to the left hander, Shahidi"
1786375847437,20.1,2,AFG,Hashmatullah Shahidi,Harry Tector,"Harry Tector to Hashmatullah Shahidi, no run, flatter and shorter, worked away off the back foot to midwicket"
1786375871061,20.2,2,AFG,Hashmatullah Shahidi,Harry Tector,"Harry Tector to Hashmatullah Shahidi, 1 run, full and on the pads, Shahidi tucks it to short fine"
1786375906487,20.3,2,AFG,Rahmanullah Gurbaz,Harry Tector,"Harry Tector to Rahmanullah Gurbaz, 1 run, to backward square leg"
1786375937217,20.4,2,AFG,Hashmatullah Shahidi,Harry Tector,"Harry Tector to Hashmatullah Shahidi, 1 run, to sweeper cover"
1786375954075,20.5,2,AFG,Rahmanullah Gurbaz,Harry Tector,"Harry Tector to Rahmanullah Gurbaz, no run"
1786375971000,20.6,2,AFG,Rahmanullah Gurbaz,Harry Tector,"Harry Tector to Rahmanullah Gurbaz, no run, tossed up and turning in, Gurbaz gets forward drives it towards the right of the bowler"
1786376035883,$undefined,2,AFG,Hashmatullah Shahidi,Jai Moondra,<b>Jai Moondra [3.0-0-24-0] is back into the attack</b>
1786376058969,21.1,2,AFG,Hashmatullah Shahidi,Jai Moondra,"Jai Moondra to Hashmatullah Shahidi, 1 run, angling in sharply from outside off, Shahidi presses forward to defend, but gets an inside edge towards fine leg"
1786376082690,21.2,2,AFG,Rahmanullah Gurbaz,Jai Moondra,"Jai Moondra to Rahmanullah Gurbaz, no run"
1786376115761,21.3,2,AFG,Rahmanullah Gurbaz,Jai Moondra,"Jai Moondra to Rahmanullah Gurbaz, 1 run, full and pushed across him, Gurbaz drives it to sweeper cover"
1786376148583,21.4,2,AFG,Hashmatullah Shahidi,Jai Moondra,"Jai Moondra to Hashmatullah Shahidi, 1 run, to deep square leg"
1786376196839,21.5,2,AFG,Rahmanullah Gurbaz,Jai Moondra,"Jai Moondra to Rahmanullah Gurbaz, no run, banged in short on the stumps, Gurbaz ducks under it"
1786376229915,21.6,2,AFG,Rahmanullah Gurbaz,Jai Moondra,"Jai Moondra to Rahmanullah Gurbaz, <b>SIX</b>, to deep square leg"
1786376321220,22.1,2,AFG,Hashmatullah Shahidi,Harry Tector,"Harry Tector to Hashmatullah Shahidi, 1 run, flatter and shorter, Shahidi punches it down to long on"
1786376351464,22.2,2,AFG,Rahmanullah Gurbaz,Harry Tector,"Harry Tector to Rahmanullah Gurbaz, no run"
1786376379837,22.3,2,AFG,Rahmanullah Gurbaz,Harry Tector,"Harry Tector to Rahmanullah Gurbaz, 1 run, tossed up outside off, Gurbaz gets forward and drives it to deep backward point"
1786376404539,22.4,2,AFG,Hashmatullah Shahidi,Harry Tector,"Harry Tector to Hashmatullah Shahidi, 1 run, straying on the pads, Shahidi tucks it away to square leg"
1786376422901,22.5,2,AFG,Rahmanullah Gurbaz,Harry Tector,"Harry Tector to Rahmanullah Gurbaz, no run"
1786376439792,22.6,2,AFG,Rahmanullah Gurbaz,Harry Tector,"Harry Tector to Rahmanullah Gurbaz, no run"
1786376525710,23.1,2,AFG,Hashmatullah Shahidi,Jai Moondra,"Jai Moondra to Hashmatullah Shahidi, 1 run, on a back of a length on leg-stump, Shahidi manages to get some bat on it as it rolls towards short fine"
1786376530820,23.2,2,AFG,Rahmanullah Gurbaz,Jai Moondra,"Jai Moondra to Rahmanullah Gurbaz, 1 run, full outside off, driven through covers"
1786376563303,23.3,2,AFG,Hashmatullah Shahidi,Jai Moondra,"Jai Moondra to Hashmatullah Shahidi, <b>FOUR</b>, shot!"
1786376652683,23.4,2,AFG,Hashmatullah Shahidi,Jai Moondra,"Jai Moondra to Hashmatullah Shahidi, no run, short of length outside off, Shahidi hangs back and punches it to covers"
1786376683416,23.5,2,AFG,Hashmatullah Shahidi,Jai Moondra,"Jai Moondra to Hashmatullah Shahidi, no run"
1786376721456,$undefined,2,AFG,,,We have lost live
1786376758109,23.6,2,AFG,Hashmatullah Shahidi,Jai Moondra,and we are back again
1786376815355,$undefined,2,AFG,Hashmatullah Shahidi,Gavin Hoey,<b>Gavin Hoey [5.0-0-15-1] is back into the attack</b>
1786376854800,24.1,2,AFG,Hashmatullah Shahidi,Gavin Hoey,"Gavin Hoey to Hashmatullah Shahidi, <b>SIX</b>, to deep mid-wicket"
1786376962703,24.2,2,AFG,Hashmatullah Shahidi,Gavin Hoey,"Gavin Hoey to Hashmatullah Shahidi, 1 run, short delivery outside off, Shahidi drags the pull to"
1786376991453,24.3,2,AFG,Rahmanullah Gurbaz,Gavin Hoey,"Gavin Hoey to Rahmanullah Gurbaz, 1 run, to long-off"
1786377017961,24.4,2,AFG,Hashmatullah Shahidi,Gavin Hoey,"Gavin Hoey to Hashmatullah Shahidi, no run"
1786377060234,$undefined,2,AFG,Hashmatullah Shahidi,Gavin Hoey,"Gavin Hoey to Hashmatullah Shahidi, <b>THATS OUT!!</b> Caught!!"
1786377061895,24.5,2,AFG,Hashmatullah Shahidi,Gavin Hoey,"Gavin Hoey to Hashmatullah Shahidi, <b>out</b> Caught by Jai Moondra!! Shahidi holes out! A wicket against the run of play. <b>Hashmatullah Shahidi c Jai Moondra b Gavin Hoey 22(24) [4s-1 6s-1]</b>"
1786377111203,$undefined,2,AFG,Darwish Rasooli,Gavin Hoey,"<b>Darwish Rasooli, right handed bat, comes to the crease</b>"
1786377174943,24.6,2,AFG,Darwish Rasooli,Gavin Hoey,"Gavin Hoey to Darwish Rasooli, 1 run, on the shorter side outside off, Rasooli rocks back and"
1786377236624,25.1,2,AFG,Darwish Rasooli,Jai Moondra,"Jai Moondra to Darwish Rasooli, no run"
1786377270739,25.2,2,AFG,Darwish Rasooli,Jai Moondra,"Jai Moondra to Darwish Rasooli, <b>FOUR</b>, nicely played! Pitched up just outside off, Rasooli leans towards it and drives it past mid-off. The chase is on but the ball wins the race"
1786377305657,25.3,2,AFG,Darwish Rasooli,Jai Moondra,"Jai Moondra to Darwish Rasooli, 1 run, to third man"
1786377340268,25.4,2,AFG,Rahmanullah Gurbaz,Jai Moondra,"Jai Moondra to Rahmanullah Gurbaz, 1 run, to sweeper cover"
1786378909453,31.2,2,AFG,Azmatullah Omarzai,Byron McDonough,"Byron McDonough to Azmatullah Omarzai, 1 run, on a length outside off, driven to sweeper cover"
1786378944028,31.3,2,AFG,Rashid Khan,Byron McDonough,"Byron McDonough to Rashid Khan, <b>wide</b>, a bouncer on off but it's too short. Wided"
1786378976274,31.3,2,AFG,Rashid Khan,Byron McDonough,"Byron McDonough to Rashid Khan, 1 run, short of length around off, Rashid opens his bat-face and steers it late. Short third dives to his right to make a good stop. Just a single"
1786379016290,31.4,2,AFG,Azmatullah Omarzai,Byron McDonough,"Byron McDonough to Azmatullah Omarzai, no run, full on off, driven off the inner half to wide mid-on"
1786379050879,31.5,2,AFG,Azmatullah Omarzai,Byron McDonough,"Byron McDonough to Azmatullah Omarzai, no run, short of length on off, played with soft hands towards cover-point. Omarzai wants a single but it's not on"
1786379079341,31.6,2,AFG,Azmatullah Omarzai,Byron McDonough,"Byron McDonough to Azmatullah Omarzai, no run, hard length delivery angling in on middle, Omarzai hops and blocks it back to the bowler"
1786379136851,32.1,2,AFG,Rashid Khan,Gavin Hoey,"Gavin Hoey to Rashid Khan, no run, close shave! A floated length delivery on middle, turning away appreciably, Khan goes for the slog-sweep but gets beaten all ends up"
1786379165639,32.2,2,AFG,Rashid Khan,Gavin Hoey,"Gavin Hoey to Rashid Khan, no run, tossed up on off, turning away, Khan pushes and misses"
1786379188033,32.3,2,AFG,Rashid Khan,Gavin Hoey,"Gavin Hoey to Rashid Khan, no run, this is testing stuff! on a length outside off, skids after pitching, Khan tries to chop it square of the wicket but gets beaten on the inside edge"
1786379210124,32.4,2,AFG,Rashid Khan,Gavin Hoey,"Gavin Hoey to Rashid Khan, no run, on a back of a length outside off, turning away sharply, Khan chops it towards extra cover"
1786379236013,32.5,2,AFG,Rashid Khan,Gavin Hoey,"Gavin Hoey to Rashid Khan, 1 run, on the shorter side outside off, Rashid Khan cuts it to deep backward point"
1786379262510,32.6,2,AFG,Azmatullah Omarzai,Gavin Hoey,"Gavin Hoey to Azmatullah Omarzai, no run, floated nicely on a fuller length on leg-stump, turning away, Omarzai leans ahead and blocks it off the outer half towards point. <b>Hoey ends his spell with career-best figures in International cricket</b>"
1786379317727,$undefined,2,AFG,Rashid Khan,Jai Moondra,<b>Jai Moondra [6.0-0-46-0] is back into the attack</b>
1786379338635,33.1,2,AFG,Rashid Khan,Jai Moondra,"Jai Moondra to Rashid Khan, 2 runs, Rashid is going to take his chances! He tries to heave this full delivery and mistimes it but manages to clear mid-wicket"
1786379369030,33.2,2,AFG,Rashid Khan,Jai Moondra,"Jai Moondra to Rashid Khan, 1 run, full outside off, Khan throws his bat at it and gets a thick outside edge down to third man"
1786379396826,33.3,2,AFG,Azmatullah Omarzai,Jai Moondra,"Jai Moondra to Azmatullah Omarzai, <b>FOUR</b>, full delivery angling in, Omarzai clears his front leg and hits it over mid-on. Got it just over the backtracking fielder and he picks up a boundary"
1786379436211,33.4,2,AFG,Azmatullah Omarzai,Jai Moondra,"Jai Moondra to Azmatullah Omarzai, <b>wide</b>, length delivery angling down leg, Omarzai looks to tuck but misses. Wided"
1786379463626,33.4,2,AFG,Azmatullah Omarzai,Jai Moondra,"Jai Moondra to Azmatullah Omarzai, no run, back of a length in line of the stumps, tapped towards point"
1786379504827,33.5,2,AFG,Azmatullah Omarzai,Jai Moondra,"Jai Moondra to Azmatullah Omarzai, 2 runs, back of a length outside off, Omarzai goes for an expansive"
1786379532660,33.6,2,AFG,Azmatullah Omarzai,Jai Moondra,"Jai Moondra to Azmatullah Omarzai, 1 run, to square third man"
1786379614270,$undefined,2,AFG,Azmatullah Omarzai,Harry Tector,<b>Harry Tector [2.0-0-6-0] is back into the attack</b>
1786379617392,34.1,2,AFG,Azmatullah Omarzai,Harry Tector,"Harry Tector to Azmatullah Omarzai, no run, full ball drifting in on middle and leg, Omarzai flicks it to mid-on where the fielder dives to make a good stop"
1786379639655,34.2,2,AFG,Azmatullah Omarzai,Harry Tector,"Harry Tector to Azmatullah Omarzai, no run"
1786379659394,34.3,2,AFG,Azmatullah Omarzai,Harry Tector,"Harry Tector to Azmatullah Omarzai, 1 run, on a back of a length outside off, punched to deep point"
1786379678943,34.4,2,AFG,Rashid Khan,Harry Tector,"Harry Tector to Rashid Khan, no run"
1786379707933,34.5,2,AFG,Rashid Khan,Harry Tector,"Harry Tector to Rashid Khan, <b>FOUR</b>, well played! Rashid Khan uses his feet"
1786379744833,34.6,2,AFG,Rashid Khan,Harry Tector,"Harry Tector to Rashid Khan, 1 run, to deep backward point"
1786379802528,$undefined,2,AFG,Rashid Khan,Mark Adair,<b>Mark Adair [7.0-1-24-1] is back into the attack</b>
1786379805696,35.1,2,AFG,Rashid Khan,Mark Adair,"Mark Adair to Rashid Khan, no run, full on off, driven to the left of the bowler"
1786379849376,35.2,2,AFG,Rashid Khan,Mark Adair,"Mark Adair to Rashid Khan, 1 run, full on off, Rashid Khan drags the heave towards deep square leg"
1786379886899,35.3,2,AFG,Azmatullah Omarzai,Mark Adair,"Mark Adair to Azmatullah Omarzai, no run, short delivery outside off, Omarzai plays a controlled pull shot to mid-wicket"
1786379940533,$undefined,2,AFG,Azmatullah Omarzai,Mark Adair,"Mark Adair to Azmatullah Omarzai, <b>THATS OUT!!</b> Caught!!"
1786379941991,35.4,2,AFG,Azmatullah Omarzai,Mark Adair,"Mark Adair to Azmatullah Omarzai, <b>out</b> Caught by Harry Tector!! <b>Azmatullah Omarzai c Harry Tector b Mark Adair 13(29) [4s-1]</b>"
1786380005203,$undefined,2,AFG,Ahmadzai,Mark Adair,"<b>Yamin Ahmadzai, right handed bat, comes to the crease</b>"
1786380048091,35.5,2,AFG,Yamin Ahmadzai,Mark Adair,"Mark Adair to Ahmadzai, no run"
1786380085958,35.6,2,AFG,Yamin Ahmadzai,Mark Adair,"Mark Adair to Ahmadzai, no run, a sharp bouncer"
1786380143721,$undefined,2,AFG,Rashid Khan,Byron McDonough,<b>Byron McDonough [8.0-1-48-1] is back into the attack</b>
1786380158005,36.1,2,AFG,Rashid Khan,Byron McDonough,"Byron McDonough to Rashid Khan, 1 run, to third man"
1786380205896,36.2,2,AFG,Yamin Ahmadzai,Byron McDonough,"Byron McDonough to Ahmadzai, 1 run, to deep backward point"
1786380238696,36.3,2,AFG,Rashid Khan,Byron McDonough,"Byron McDonough to Rashid Khan, 1 run, to backward square leg"
1786380267153,36.4,2,AFG,Yamin Ahmadzai,Byron McDonough,"Byron McDonough to Ahmadzai, no run, back of a length on off, Ahmadzai hops and keeps it out down the track"
1786380304766,36.5,2,AFG,Yamin Ahmadzai,Byron McDonough,"Byron McDonough to Ahmadzai, no run, hard length delivery just outside off, Ahmadzai"
1786380346208,36.6,2,AFG,Yamin Ahmadzai,Byron McDonough,"Byron McDonough to Ahmadzai, no run, length delivery on off, Ahmadzai covers the line and flicks it towards wide mid-on"
1786380415071,37.1,2,AFG,Rashid Khan,Mark Adair,"Mark Adair to Rashid Khan, 2 runs, to deep backward point"
1786380448935,37.2,2,AFG,Rashid Khan,Mark Adair,"Mark Adair to Rashid Khan, 1 run, good fielding in the deep!"
1786380502073,37.3,2,AFG,Yamin Ahmadzai,Mark Adair,"Mark Adair to Ahmadzai, no run"
1786380534482,37.4,2,AFG,Yamin Ahmadzai,Mark Adair,"Mark Adair to Ahmadzai, no run"
1786380565240,37.5,2,AFG,Yamin Ahmadzai,Mark Adair,"Mark Adair to Ahmadzai, no run, short of length around off, Ahmadzai hangs back and punches it to covers"
1786380603564,37.6,2,AFG,Yamin Ahmadzai,Mark Adair,"Mark Adair to Ahmadzai, <b>wide</b>, a chirpy appeal for caught behind turned down! A shortish delivery angling down leg, Ahmadzai moves inside the line and tries to work it across but misses"
1786380646255,37.6,2,AFG,Yamin Ahmadzai,Mark Adair,"Mark Adair to Ahmadzai, no run, back of a length delivery in the channel, Ahmadzai covers the line and blocks it down the track"
1786380690987,$undefined,2,AFG,Rashid Khan,Jai Moondra,<b>Jai Moondra [7.0-0-57-0] is back into the attack</b>
1786380721837,38.1,2,AFG,Rashid Khan,Jai Moondra,"Jai Moondra to Rashid Khan, no run, beaten!"
1786380758461,38.2,2,AFG,Rashid Khan,Jai Moondra,"Jai Moondra to Rashid Khan, 1 run, full delivery around off, Rashid drives it to wide mid-off for a brisk single"
1786380816265,$undefined,2,AFG,,,A wide slip
1786380819787,38.3,2,AFG,Yamin Ahmadzai,Jai Moondra,"Jai Moondra to Ahmadzai, no run"
1786380852901,38.4,2,AFG,Yamin Ahmadzai,Jai Moondra,"Jai Moondra to Ahmadzai, no run"
1786380883775,38.5,2,AFG,Yamin Ahmadzai,Jai Moondra,"Jai Moondra to Ahmadzai, no run, short of length outside off, Ahmadzai points his bat skywards to make a watchful leave"
1786380920375,38.6,2,AFG,Yamin Ahmadzai,Jai Moondra,"Jai Moondra to Ahmadzai, no run, a bouncer on off, Ahmadzai ducks under it awkwardly"
1786380988990,$undefined,2,AFG,Rashid Khan,Byron McDonough,<b>Byron McDonough [9.0-1-51-1] is back into the attack</b>
1786381000844,39.1,2,AFG,Rashid Khan,Byron McDonough,"Byron McDonough to Rashid Khan, no run"
1786381037660,39.2,2,AFG,Rashid Khan,Byron McDonough,"Byron McDonough to Rashid Khan, no run, hard length delivery on middle and leg, Khan stays leg-side of it and taps it towards backward point"
1786381067362,39.3,2,AFG,Rashid Khan,Byron McDonough,"Byron McDonough to Rashid Khan, no run, <b>oh, that's a beauty!</b>"
1786381106808,39.4,2,AFG,Rashid Khan,Byron McDonough,"Byron McDonough to Rashid Khan, no run"
1786381136871,39.5,2,AFG,Rashid Khan,Byron McDonough,"Byron McDonough to Rashid Khan, no run"
1786381170787,39.6,2,AFG,Rashid Khan,Byron McDonough,"Byron McDonough to Rashid Khan, no run, a hard length delivery on off, Rashid taps it with an open bat-face to backward point. Byron McDonough ends his spell with a maiden"
1786381230040,40.1,2,AFG,Yamin Ahmadzai,Jai Moondra,"Jai Moondra to Ahmadzai, no run"
